,bbox_width,bbox_height
count,3512.0,3512.0
mean,68.8110159453303,67.45938752847381
std,117.13144160693636,106.79045427942158
min,1.875,2.5
25%,8.75,10.0
50%,20.0,22.461
75%,63.75,65.52
max,640.0,636.074
